tick,E0_floor,E0_direction,E1_floor,E1_direction,E2_floor,E2_direction,E3_floor,E3_direction,E4_floor,E4_direction,E5_floor,E5_direction,E6_floor,E6_direction,E7_floor,E7_direction
0,1,IDLE,1,IDLE,1,IDLE,1,IDLE,1,IDLE,1,IDLE,1,IDLE,1,IDLE
1,2,UP,2,UP,2,UP,1,IDLE,1,IDLE,1,IDLE,1,IDLE,1,IDLE
2,3,UP,3,UP,3,UP,1,IDLE,1,IDLE,1,IDLE,1,IDLE,1,IDLE
3,4,UP,4,UP,4,UP,1,IDLE,1,IDLE,1,IDLE,1,IDLE,1,IDLE
4,5,UP,5,UP,5,UP,1,IDLE,1,IDLE,1,IDLE,1,IDLE,1,IDLE
5,6,UP,6,UP,6,UP,1,IDLE,1,IDLE,1,IDLE,1,IDLE,1,IDLE
6,7,UP,7,UP,7,UP,1,IDLE,1,IDLE,1,IDLE,1,IDLE,1,IDLE
7,8,UP,8,UP,8,UP,1,IDLE,1,IDLE,1,IDLE,1,IDLE,1,IDLE
8,9,UP,9,UP,9,UP,1,IDLE,1,IDLE,1,IDLE,1,IDLE,1,IDLE
9,10,UP,10,UP,10,UP,1,IDLE,1,IDLE,1,IDLE,1,IDLE,1,IDLE
10,11,UP,11,UP,11,UP,1,IDLE,1,IDLE,1,IDLE,1,IDLE,1,IDLE
11,12,UP,12,UP,12,UP,1,IDLE,1,IDLE,1,IDLE,1,IDLE,1,IDLE
12,13,UP,13,UP,13,UP,1,IDLE,1,IDLE,1,IDLE,1,IDLE,1,IDLE
13,14,UP,14,UP,14,UP,1,IDLE,1,IDLE,1,IDLE,1,IDLE,1,IDLE
14,15,UP,15,UP,15,UP,1,IDLE,1,IDLE,1,IDLE,1,IDLE,1,IDLE
15,16,UP,16,UP,16,UP,1,IDLE,1,IDLE,1,IDLE,1,IDLE,1,IDLE
16,17,UP,17,UP,17,UP,1,IDLE,1,IDLE,1,IDLE,1,IDLE,1,IDLE
17,18,UP,18,UP,18,UP,1,IDLE,1,IDLE,1,IDLE,1,IDLE,1,IDLE
18,19,UP,19,UP,19,UP,1,IDLE,1,IDLE,1,IDLE,1,IDLE,1,IDLE
19,20,UP,20,UP,20,UP,1,IDLE,1,IDLE,1,IDLE,1,IDLE,1,IDLE
20,21,UP,21,UP,21,UP,1,IDLE,1,IDLE,1,IDLE,1,IDLE,1,IDLE
21,22,UP,22,UP,22,UP,1,IDLE,1,IDLE,1,IDLE,1,IDLE,1,IDLE
22,23,UP,23,UP,23,UP,1,IDLE,1,IDLE,1,IDLE,1,IDLE,1,IDLE
23,24,UP,24,UP,24,UP,1,IDLE,1,IDLE,1,IDLE,1,IDLE,1,IDLE
24,25,UP,25,UP,25,UP,1,IDLE,1,IDLE,1,IDLE,1,IDLE,1,IDLE
25,26,UP,26,UP,26,UP,1,IDLE,1,IDLE,1,IDLE,1,IDLE,1,IDLE
26,27,UP,27,UP,27,UP,1,IDLE,1,IDLE,1,IDLE,1,IDLE,1,IDLE
27,28,UP,28,UP,28,UP,1,IDLE,1,IDLE,1,IDLE,1,IDLE,1,IDLE
28,29,UP,29,UP,29,UP,1,IDLE,1,IDLE,1,IDLE,1,IDLE,1,IDLE
29,30,UP,30,DOWN,30,UP,1,IDLE,1,IDLE,1,IDLE,1,IDLE,1,IDLE
30,31,UP,29,DOWN,31,UP,1,IDLE,1,IDLE,1,IDLE,1,IDLE,1,IDLE
31,32,UP,28,DOWN,32,UP,1,IDLE,1,IDLE,1,IDLE,1,IDLE,1,IDLE
32,33,UP,27,DOWN,33,UP,1,IDLE,1,IDLE,1,IDLE,1,IDLE,1,IDLE
33,34,UP,26,DOWN,34,UP,1,IDLE,1,IDLE,1,IDLE,1,IDLE,1,IDLE
34,35,UP,25,DOWN,35,UP,1,IDLE,1,IDLE,1,IDLE,1,IDLE,1,IDLE
35,36,UP,24,DOWN,36,UP,1,IDLE,1,IDLE,1,IDLE,1,IDLE,1,IDLE
36,37,UP,23,DOWN,37,UP,1,IDLE,1,IDLE,1,IDLE,1,IDLE,1,IDLE
37,38,UP,22,DOWN,38,UP,1,IDLE,1,IDLE,1,IDLE,1,IDLE,1,IDLE
38,39,UP,21,DOWN,39,UP,1,IDLE,1,IDLE,1,IDLE,1,IDLE,1,IDLE
39,40,UP,20,DOWN,40,UP,1,IDLE,1,IDLE,1,IDLE,1,IDLE,1,IDLE
40,41,UP,19,DOWN,41,UP,1,IDLE,1,IDLE,1,IDLE,1,IDLE,1,IDLE
41,42,UP,18,DOWN,42,UP,1,IDLE,1,IDLE,1,IDLE,1,IDLE,1,IDLE
42,43,UP,17,DOWN,43,UP,1,IDLE,1,IDLE,1,IDLE,1,IDLE,1,IDLE
43,44,UP,16,DOWN,44,UP,1,IDLE,1,IDLE,1,IDLE,1,IDLE,1,IDLE
44,45,UP,15,DOWN,45,IDLE,1,IDLE,1,IDLE,1,IDLE,1,IDLE,1,IDLE
45,46,UP,14,DOWN,45,IDLE,1,IDLE,1,IDLE,1,IDLE,1,IDLE,1,IDLE
46,47,UP,13,DOWN,45,IDLE,1,IDLE,1,IDLE,1,IDLE,1,IDLE,1,IDLE
47,48,UP,12,DOWN,45,IDLE,1,IDLE,1,IDLE,1,IDLE,1,IDLE,1,IDLE
48,49,UP,11,DOWN,45,IDLE,1,IDLE,1,IDLE,1,IDLE,1,IDLE,1,IDLE
49,50,UP,10,DOWN,45,IDLE,1,IDLE,1,IDLE,1,IDLE,1,IDLE,1,IDLE
50,51,UP,9,DOWN,45,IDLE,1,IDLE,1,IDLE,1,IDLE,1,IDLE,1,IDLE
51,52,UP,8,DOWN,45,IDLE,1,IDLE,1,IDLE,1,IDLE,1,IDLE,1,IDLE
52,53,UP,7,DOWN,45,IDLE,1,IDLE,1,IDLE,1,IDLE,1,IDLE,1,IDLE
53,54,UP,6,DOWN,45,IDLE,1,IDLE,1,IDLE,1,IDLE,1,IDLE,1,IDLE
54,55,UP,5,DOWN,45,IDLE,1,IDLE,1,IDLE,1,IDLE,1,IDLE,1,IDLE
55,56,UP,4,DOWN,45,IDLE,1,IDLE,1,IDLE,1,IDLE,1,IDLE,1,IDLE
56,57,UP,3,DOWN,45,IDLE,1,IDLE,1,IDLE,1,IDLE,1,IDLE,1,IDLE
57,58,UP,2,DOWN,45,IDLE,1,IDLE,1,IDLE,1,IDLE,1,IDLE,1,IDLE
58,59,UP,1,IDLE,45,IDLE,1,IDLE,1,IDLE,1,IDLE,1,IDLE,1,IDLE
59,60,IDLE,1,IDLE,45,IDLE,1,IDLE,1,IDLE,1,IDLE,1,IDLE,1,IDLE
60,60,IDLE,1,IDLE,45,IDLE,1,IDLE,1,IDLE,1,IDLE,1,IDLE,1,IDLE
61,60,IDLE,1,IDLE,45,IDLE,1,IDLE,1,IDLE,1,IDLE,1,IDLE,1,IDLE
62,60,IDLE,1,IDLE,45,IDLE,1,IDLE,1,IDLE,1,IDLE,1,IDLE,1,IDLE
63,60,IDLE,1,IDLE,45,IDLE,1,IDLE,1,IDLE,1,IDLE,1,IDLE,1,IDLE
64,60,IDLE,1,IDLE,45,IDLE,1,IDLE,1,IDLE,1,IDLE,1,IDLE,1,IDLE
65,60,IDLE,1,IDLE,45,IDLE,1,IDLE,1,IDLE,1,IDLE,1,IDLE,1,IDLE
66,60,IDLE,1,IDLE,45,IDLE,1,IDLE,1,IDLE,1,IDLE,1,IDLE,1,IDLE
67,60,IDLE,1,IDLE,45,IDLE,1,IDLE,1,IDLE,1,IDLE,1,IDLE,1,IDLE
68,60,IDLE,1,IDLE,45,IDLE,1,IDLE,1,IDLE,1,IDLE,1,IDLE,1,IDLE
69,60,IDLE,1,IDLE,45,IDLE,1,IDLE,1,IDLE,1,IDLE,1,IDLE,1,IDLE
70,60,IDLE,1,IDLE,45,IDLE,1,IDLE,1,IDLE,1,IDLE,1,IDLE,1,IDLE
71,60,IDLE,1,IDLE,45,IDLE,1,IDLE,1,IDLE,1,IDLE,1,IDLE,1,IDLE
72,60,IDLE,1,IDLE,45,IDLE,1,IDLE,1,IDLE,1,IDLE,1,IDLE,1,IDLE
73,60,IDLE,1,IDLE,45,IDLE,1,IDLE,1,IDLE,1,IDLE,1,IDLE,1,IDLE
74,60,IDLE,1,IDLE,45,IDLE,1,IDLE,1,IDLE,1,IDLE,1,IDLE,1,IDLE
75,60,IDLE,1,IDLE,45,IDLE,1,IDLE,1,IDLE,1,IDLE,1,IDLE,1,IDLE
76,60,IDLE,1,IDLE,45,IDLE,1,IDLE,1,IDLE,1,IDLE,1,IDLE,1,IDLE
77,60,IDLE,1,IDLE,45,IDLE,1,IDLE,1,IDLE,1,IDLE,1,IDLE,1,IDLE
78,60,IDLE,1,IDLE,45,IDLE,1,IDLE,1,IDLE,1,IDLE,1,IDLE,1,IDLE
79,60,IDLE,1,IDLE,45,IDLE,1,IDLE,1,IDLE,1,IDLE,1,IDLE,1,IDLE
80,60,IDLE,1,IDLE,45,IDLE,1,IDLE,1,IDLE,1,IDLE,1,IDLE,1,IDLE
81,60,IDLE,1,IDLE,45,IDLE,1,IDLE,1,IDLE,1,IDLE,1,IDLE,1,IDLE
82,60,IDLE,1,IDLE,45,IDLE,1,IDLE,1,IDLE,1,IDLE,1,IDLE,1,IDLE
83,60,IDLE,1,IDLE,45,IDLE,1,IDLE,1,IDLE,1,IDLE,1,IDLE,1,IDLE
84,60,IDLE,1,IDLE,45,IDLE,1,IDLE,1,IDLE,1,IDLE,1,IDLE,1,IDLE
85,60,IDLE,1,IDLE,45,IDLE,1,IDLE,1,IDLE,1,IDLE,1,IDLE,1,IDLE
86,60,IDLE,1,IDLE,45,IDLE,1,IDLE,1,IDLE,1,IDLE,1,IDLE,1,IDLE
87,60,IDLE,1,IDLE,45,IDLE,1,IDLE,1,IDLE,1,IDLE,1,IDLE,1,IDLE
88,60,IDLE,1,IDLE,45,IDLE,1,IDLE,1,IDLE,1,IDLE,1,IDLE,1,IDLE
89,60,IDLE,1,IDLE,45,IDLE,1,IDLE,1,IDLE,1,IDLE,1,IDLE,1,IDLE
90,60,IDLE,1,IDLE,45,IDLE,1,IDLE,1,IDLE,1,IDLE,1,IDLE,1,IDLE
91,60,IDLE,1,IDLE,45,IDLE,1,IDLE,1,IDLE,1,IDLE,1,IDLE,1,IDLE
92,60,IDLE,1,IDLE,45,IDLE,1,IDLE,1,IDLE,1,IDLE,1,IDLE,1,IDLE
93,60,IDLE,1,IDLE,45,IDLE,1,IDLE,1,IDLE,1,IDLE,1,IDLE,1,IDLE
94,60,IDLE,1,IDLE,45,IDLE,1,IDLE,1,IDLE,1,IDLE,1,IDLE,1,IDLE
95,60,IDLE,1,IDLE,45,IDLE,1,IDLE,1,IDLE,1,IDLE,1,IDLE,1,IDLE
96,60,IDLE,1,IDLE,45,IDLE,1,IDLE,1,IDLE,1,IDLE,1,IDLE,1,IDLE
97,60,IDLE,1,IDLE,45,IDLE,1,IDLE,1,IDLE,1,IDLE,1,IDLE,1,IDLE
98,60,IDLE,1,IDLE,45,IDLE,1,IDLE,1,IDLE,1,IDLE,1,IDLE,1,IDLE
99,60,IDLE,1,IDLE,45,IDLE,1,IDLE,1,IDLE,1,IDLE,1,IDLE,1,IDLE
100,60,IDLE,1,IDLE,45,IDLE,1,IDLE,1,IDLE,1,IDLE,1,IDLE,1,IDLE
